covtype.mat,0.3759027352274996,0.08905488138874866,9562.918537139893,30,0.4,"{'solver': 2, 'maxiter': 300, 'tol': 0.0001, 'init_type': 'k-means-cos', 'nrep_kmeans': 1, 'classifier': 're'}",KFSC,"{'lamda': 0.4, 'opt': {'solver': 2, 'maxiter': 300, 'tol': 0.0001, 'init_type': 'k-means-cos', 'nrep_kmeans': 1, 'classifier': 're'}}"
covtype.mat,0.44882205531038943,0.028812063899396098,9222.67238998413,30,0.4,"{'solver': 2, 'maxiter': 300, 'tol': 0.0001, 'init_type': 'k-means-cos', 'nrep_kmeans': 1, 'classifier': 're'}",KFSC,"{'lamda': 0.4, 'opt': {'solver': 2, 'maxiter': 300, 'tol': 0.0001, 'init_type': 'k-means-cos', 'nrep_kmeans': 1, 'classifier': 're'}}"
covtype.mat,0.3936183762125395,0.07455754911129249,8138.408344268799,30,0.4,"{'solver': 2, 'maxiter': 300, 'tol': 0.0001, 'init_type': 'k-means-cos', 'nrep_kmeans': 1, 'classifier': 're'}",KFSC,"{'lamda': 0.4, 'opt': {'solver': 2, 'maxiter': 300, 'tol': 0.0001, 'init_type': 'k-means-cos', 'nrep_kmeans': 1, 'classifier': 're'}}"
covtype.mat,0.44306658038043967,0.11726932019382391,43624.78013730049,30,0.4,"{'solver': 2, 'maxiter': 300, 'tol': 0.0001, 'init_type': 'k-means-cos', 'nrep_kmeans': 1, 'classifier': 're'}",KFSC,"{'lamda': 0.4, 'opt': {'solver': 2, 'maxiter': 300, 'tol': 0.0001, 'init_type': 'k-means-cos', 'nrep_kmeans': 1, 'classifier': 're'}}"
covtype.mat,0.4358774001225448,0.061270486037199874,43624.668625593185,30,0.4,"{'solver': 2, 'maxiter': 300, 'tol': 0.0001, 'init_type': 'k-means-cos', 'nrep_kmeans': 1, 'classifier': 're'}",KFSC,"{'lamda': 0.4, 'opt': {'solver': 2, 'maxiter': 300, 'tol': 0.0001, 'init_type': 'k-means-cos', 'nrep_kmeans': 1, 'classifier': 're'}}"
covtype.mat,0.4014426552291519,0.014889822578286438,43624.58001661301,30,0.4,"{'solver': 2, 'maxiter': 300, 'tol': 0.0001, 'init_type': 'k-means-cos', 'nrep_kmeans': 1, 'classifier': 're'}",KFSC,"{'lamda': 0.4, 'opt': {'solver': 2, 'maxiter': 300, 'tol': 0.0001, 'init_type': 'k-means-cos', 'nrep_kmeans': 1, 'classifier': 're'}}"
covtype.mat,0.4311219045389768,0.06926055054793176,43624.53521513939,30,0.4,"{'solver': 2, 'maxiter': 300, 'tol': 0.0001, 'init_type': 'k-means-cos', 'nrep_kmeans': 1, 'classifier': 're'}",KFSC,"{'lamda': 0.4, 'opt': {'solver': 2, 'maxiter': 300, 'tol': 0.0001, 'init_type': 'k-means-cos', 'nrep_kmeans': 1, 'classifier': 're'}}"
covtype.mat,0.36292537847755296,0.044861644199894905,5962.006134748459,30,0.4,"{'solver': 2, 'maxiter': 300, 'tol': 0.0001, 'init_type': 'k-means-cos', 'nrep_kmeans': 1, 'classifier': 're'}",KFSC,"{'lamda': 0.4, 'opt': {'solver': 2, 'maxiter': 300, 'tol': 0.0001, 'init_type': 'k-means-cos', 'nrep_kmeans': 1, 'classifier': 're'}}"
covtype.mat,0.4800847486798896,0.04963765479948509,7879.1562168598175,30,0.4,"{'solver': 2, 'maxiter': 300, 'tol': 0.0001, 'init_type': 'k-means-cos', 'nrep_kmeans': 1, 'classifier': 're'}",KFSC,"{'lamda': 0.4, 'opt': {'solver': 2, 'maxiter': 300, 'tol': 0.0001, 'init_type': 'k-means-cos', 'nrep_kmeans': 1, 'classifier': 're'}}"
covtype.mat,0.4357414304695944,0.06180116769406971,9099.051947593689,30,0.4,"{'solver': 2, 'maxiter': 300, 'tol': 0.0001, 'init_type': 'k-means-cos', 'nrep_kmeans': 1, 'classifier': 're'}",KFSC,"{'lamda': 0.4, 'opt': {'solver': 2, 'maxiter': 300, 'tol': 0.0001, 'init_type': 'k-means-cos', 'nrep_kmeans': 1, 'classifier': 're'}}"
covtype.mat,0.44051413740163714,0.0570429186736699,43623.86218166351,30,0.4,"{'solver': 2, 'maxiter': 300, 'tol': 0.0001, 'init_type': 'k-means-cos', 'nrep_kmeans': 1, 'classifier': 're'}",KFSC,"{'lamda': 0.4, 'opt': {'solver': 2, 'maxiter': 300, 'tol': 0.0001, 'init_type': 'k-means-cos', 'nrep_kmeans': 1, 'classifier': 're'}}"
covtype.mat,0.41821683545262406,0.020012037964561885,9552.465589523315,30,0.4,"{'solver': 2, 'maxiter': 300, 'tol': 0.0001, 'init_type': 'k-means-cos', 'nrep_kmeans': 1, 'classifier': 're'}",KFSC,"{'lamda': 0.4, 'opt': {'solver': 2, 'maxiter': 300, 'tol': 0.0001, 'init_type': 'k-means-cos', 'nrep_kmeans': 1, 'classifier': 're'}}"
covtype.mat,0.43423543747805554,0.1341445112533918,5674.170292854309,30,0.4,"{'solver': 2, 'maxiter': 300, 'tol': 0.0001, 'init_type': 'k-means-cos', 'nrep_kmeans': 1, 'classifier': 're'}",KFSC,"{'lamda': 0.4, 'opt': {'solver': 2, 'maxiter': 300, 'tol': 0.0001, 'init_type': 'k-means-cos', 'nrep_kmeans': 1, 'classifier': 're'}}"
covtype.mat,0.43210639367173137,0.06968284540100093,9540.116994857788,30,0.4,"{'solver': 2, 'maxiter': 300, 'tol': 0.0001, 'init_type': 'k-means-cos', 'nrep_kmeans': 1, 'classifier': 're'}",KFSC,"{'lamda': 0.4, 'opt': {'solver': 2, 'maxiter': 300, 'tol': 0.0001, 'init_type': 'k-means-cos', 'nrep_kmeans': 1, 'classifier': 're'}}"
covtype.mat,0.4568597550480885,0.06486934221098357,8809.671720981598,30,0.4,"{'solver': 2, 'maxiter': 300, 'tol': 0.0001, 'init_type': 'k-means-cos', 'nrep_kmeans': 1, 'classifier': 're'}",KFSC,"{'lamda': 0.4, 'opt': {'solver': 2, 'maxiter': 300, 'tol': 0.0001, 'init_type': 'k-means-cos', 'nrep_kmeans': 1, 'classifier': 're'}}"
covtype.mat,0.48159246280627593,0.12995567144992184,5538.631402015686,30,0.4,"{'solver': 2, 'maxiter': 300, 'tol': 0.0001, 'init_type': 'k-means-cos', 'nrep_kmeans': 1, 'classifier': 're'}",KFSC,"{'lamda': 0.4, 'opt': {'solver': 2, 'maxiter': 300, 'tol': 0.0001, 'init_type': 'k-means-cos', 'nrep_kmeans': 1, 'classifier': 're'}}"
covtype.mat,0.4594948124995697,0.04977663729867133,8799.163012742996,30,0.4,"{'solver': 2, 'maxiter': 300, 'tol': 0.0001, 'init_type': 'k-means-cos', 'nrep_kmeans': 1, 'classifier': 're'}",KFSC,"{'lamda': 0.4, 'opt': {'solver': 2, 'maxiter': 300, 'tol': 0.0001, 'init_type': 'k-means-cos', 'nrep_kmeans': 1, 'classifier': 're'}}"
covtype.mat,0.46498695379785615,0.04794641183549471,43623.20507335663,30,0.4,"{'solver': 2, 'maxiter': 300, 'tol': 0.0001, 'init_type': 'k-means-cos', 'nrep_kmeans': 1, 'classifier': 're'}",KFSC,"{'lamda': 0.4, 'opt': {'solver': 2, 'maxiter': 300, 'tol': 0.0001, 'init_type': 'k-means-cos', 'nrep_kmeans': 1, 'classifier': 're'}}"
covtype.mat,0.47828616276428026,0.0618982727287266,43623.07863903046,30,0.4,"{'solver': 2, 'maxiter': 300, 'tol': 0.0001, 'init_type': 'k-means-cos', 'nrep_kmeans': 1, 'classifier': 're'}",KFSC,"{'lamda': 0.4, 'opt': {'solver': 2, 'maxiter': 300, 'tol': 0.0001, 'init_type': 'k-means-cos', 'nrep_kmeans': 1, 'classifier': 're'}}"
covtype.mat,0.4265608971931733,0.0635385830393504,8950.328625440598,30,0.4,"{'solver': 2, 'maxiter': 300, 'tol': 0.0001, 'init_type': 'k-means-cos', 'nrep_kmeans': 1, 'classifier': 're'}",KFSC,"{'lamda': 0.4, 'opt': {'solver': 2, 'maxiter': 300, 'tol': 0.0001, 'init_type': 'k-means-cos', 'nrep_kmeans': 1, 'classifier': 're'}}"
covtype.mat,0.4725031496767709,0.07704520493992356,8640.555117607117,30,0.4,"{'solver': 2, 'maxiter': 300, 'tol': 0.0001, 'init_type': 'k-means-cos', 'nrep_kmeans': 1, 'classifier': 're'}",KFSC,"{'lamda': 0.4, 'opt': {'solver': 2, 'maxiter': 300, 'tol': 0.0001, 'init_type': 'k-means-cos', 'nrep_kmeans': 1, 'classifier': 're'}}"
covtype.mat,0.45134868126647987,0.06963144732521558,7944.845367431641,30,0.4,"{'solver': 2, 'maxiter': 300, 'tol': 0.0001, 'init_type': 'k-means-cos', 'nrep_kmeans': 1, 'classifier': 're'}",KFSC,"{'lamda': 0.4, 'opt': {'solver': 2, 'maxiter': 300, 'tol': 0.0001, 'init_type': 'k-means-cos', 'nrep_kmeans': 1, 'classifier': 're'}}"
covtype.mat,0.44490303126269337,0.06774028555764103,7407.405087471008,30,0.4,"{'solver': 2, 'maxiter': 300, 'tol': 0.0001, 'init_type': 'k-means-cos', 'nrep_kmeans': 1, 'classifier': 're'}",KFSC,"{'lamda': 0.4, 'opt': {'solver': 2, 'maxiter': 300, 'tol': 0.0001, 'init_type': 'k-means-cos', 'nrep_kmeans': 1, 'classifier': 're'}}"
covtype.mat,0.4690970238136217,0.11252899159558102,246.69868159294128,30,0.4,"{'solver': 2, 'maxiter': 300, 'tol': 0.0001, 'init_type': 'k-means-cos', 'nrep_kmeans': 1, 'classifier': 're'}",KFSC_LARGE,"{'lamda': 0.4, 'opt': {'solver': 2, 'maxiter': 300, 'tol': 0.0001, 'init_type': 'k-means-cos', 'nrep_kmeans': 1, 'classifier': 're'}}"
covtype.mat,0.4540129980103681,0.02222071960699186,113.26056027412415,30,0.4,"{'solver': 2, 'maxiter': 300, 'tol': 0.0001, 'init_type': 'k-means-cos', 'nrep_kmeans': 1, 'classifier': 're'}",KFSC_LARGE,"{'lamda': 0.4, 'opt': {'solver': 2, 'maxiter': 300, 'tol': 0.0001, 'init_type': 'k-means-cos', 'nrep_kmeans': 1, 'classifier': 're'}}"
covtype.mat,0.4443780851342141,0.006954913325644943,194.0839807987213,30,0.4,"{'solver': 2, 'maxiter': 300, 'tol': 0.0001, 'init_type': 'k-means-cos', 'nrep_kmeans': 1, 'classifier': 're'}",KFSC_LARGE,"{'lamda': 0.4, 'opt': {'solver': 2, 'maxiter': 300, 'tol': 0.0001, 'init_type': 'k-means-cos', 'nrep_kmeans': 1, 'classifier': 're'}}"
covtype.mat,0.41064039985404777,0.06158445524295645,248.61324906349182,30,0.4,"{'solver': 2, 'maxiter': 300, 'tol': 0.0001, 'init_type': 'k-means-cos', 'nrep_kmeans': 1, 'classifier': 're'}",KFSC_LARGE,"{'lamda': 0.4, 'opt': {'solver': 2, 'maxiter': 300, 'tol': 0.0001, 'init_type': 'k-means-cos', 'nrep_kmeans': 1, 'classifier': 're'}}"
covtype.mat,0.41690188842915465,0.0832534231332611,191.08718395233154,30,0.4,"{'solver': 2, 'maxiter': 300, 'tol': 0.0001, 'init_type': 'k-means-cos', 'nrep_kmeans': 1, 'classifier': 're'}",KFSC_LARGE,"{'lamda': 0.4, 'opt': {'solver': 2, 'maxiter': 300, 'tol': 0.0001, 'init_type': 'k-means-cos', 'nrep_kmeans': 1, 'classifier': 're'}}"
covtype.mat,0.3908834929399049,0.04356995982106806,240.65331411361694,30,0.4,"{'solver': 2, 'maxiter': 300, 'tol': 0.0001, 'init_type': 'k-means-cos', 'nrep_kmeans': 1, 'classifier': 're'}",KFSC_LARGE,"{'lamda': 0.4, 'opt': {'solver': 2, 'maxiter': 300, 'tol': 0.0001, 'init_type': 'k-means-cos', 'nrep_kmeans': 1, 'classifier': 're'}}"
covtype.mat,0.456031889186454,0.07150625377925811,247.46132278442383,30,0.4,"{'solver': 2, 'maxiter': 300, 'tol': 0.0001, 'init_type': 'k-means-cos', 'nrep_kmeans': 1, 'classifier': 're'}",KFSC_LARGE,"{'lamda': 0.4, 'opt': {'solver': 2, 'maxiter': 300, 'tol': 0.0001, 'init_type': 'k-means-cos', 'nrep_kmeans': 1, 'classifier': 're'}}"
covtype.mat,0.5160616303966183,0.04754760461991286,190.0298421382904,30,0.4,"{'solver': 2, 'maxiter': 300, 'tol': 0.0001, 'init_type': 'k-means-cos', 'nrep_kmeans': 1, 'classifier': 're'}",KFSC_LARGE,"{'lamda': 0.4, 'opt': {'solver': 2, 'maxiter': 300, 'tol': 0.0001, 'init_type': 'k-means-cos', 'nrep_kmeans': 1, 'classifier': 're'}}"
covtype.mat,0.4371045692687931,0.05724561253419321,251.8679075241089,30,0.4,"{'solver': 2, 'maxiter': 300, 'tol': 0.0001, 'init_type': 'k-means-cos', 'nrep_kmeans': 1, 'classifier': 're'}",KFSC_LARGE,"{'lamda': 0.4, 'opt': {'solver': 2, 'maxiter': 300, 'tol': 0.0001, 'init_type': 'k-means-cos', 'nrep_kmeans': 1, 'classifier': 're'}}"
covtype.mat,0.42173311394601143,0.05965407988499721,246.49955773353577,30,0.4,"{'solver': 2, 'maxiter': 300, 'tol': 0.0001, 'init_type': 'k-means-cos', 'nrep_kmeans': 1, 'classifier': 're'}",KFSC_LARGE,"{'lamda': 0.4, 'opt': {'solver': 2, 'maxiter': 300, 'tol': 0.0001, 'init_type': 'k-means-cos', 'nrep_kmeans': 1, 'classifier': 're'}}"
covtype.mat,0.4978038319346244,0.019817101839811592,251.38404035568237,30,0.4,"{'solver': 2, 'maxiter': 300, 'tol': 0.0001, 'init_type': 'k-means-cos', 'nrep_kmeans': 1, 'classifier': 're'}",KFSC_LARGE,"{'lamda': 0.4, 'opt': {'solver': 2, 'maxiter': 300, 'tol': 0.0001, 'init_type': 'k-means-cos', 'nrep_kmeans': 1, 'classifier': 're'}}"
covtype.mat,0.49355951340075593,0.09723205122192986,248.44200015068054,30,0.4,"{'solver': 2, 'maxiter': 300, 'tol': 0.0001, 'init_type': 'k-means-cos', 'nrep_kmeans': 1, 'classifier': 're'}",KFSC_LARGE,"{'lamda': 0.4, 'opt': {'solver': 2, 'maxiter': 300, 'tol': 0.0001, 'init_type': 'k-means-cos', 'nrep_kmeans': 1, 'classifier': 're'}}"
covtype.mat,0.48474902411654147,0.1357815885230937,161.99834179878235,30,0.4,"{'solver': 2, 'maxiter': 300, 'tol': 0.0001, 'init_type': 'k-means-cos', 'nrep_kmeans': 1, 'classifier': 're'}",KFSC_LARGE,"{'lamda': 0.4, 'opt': {'solver': 2, 'maxiter': 300, 'tol': 0.0001, 'init_type': 'k-means-cos', 'nrep_kmeans': 1, 'classifier': 're'}}"
covtype.mat,0.4334333886391331,0.008553715764952882,130.75001788139343,30,0.4,"{'solver': 2, 'maxiter': 300, 'tol': 0.0001, 'init_type': 'k-means-cos', 'nrep_kmeans': 1, 'classifier': 're'}",KFSC_LARGE,"{'lamda': 0.4, 'opt': {'solver': 2, 'maxiter': 300, 'tol': 0.0001, 'init_type': 'k-means-cos', 'nrep_kmeans': 1, 'classifier': 're'}}"
covtype.mat,0.4377689273199177,0.023571137389237176,146.7425570487976,30,0.4,"{'solver': 2, 'maxiter': 300, 'tol': 0.0001, 'init_type': 'k-means-cos', 'nrep_kmeans': 1, 'classifier': 're'}",KFSC_LARGE,"{'lamda': 0.4, 'opt': {'solver': 2, 'maxiter': 300, 'tol': 0.0001, 'init_type': 'k-means-cos', 'nrep_kmeans': 1, 'classifier': 're'}}"
covtype.mat,0.42413581819308377,0.0406920740227155,166.74443292617798,30,0.4,"{'solver': 2, 'maxiter': 300, 'tol': 0.0001, 'init_type': 'k-means-cos', 'nrep_kmeans': 1, 'classifier': 're'}",KFSC_LARGE,"{'lamda': 0.4, 'opt': {'solver': 2, 'maxiter': 300, 'tol': 0.0001, 'init_type': 'k-means-cos', 'nrep_kmeans': 1, 'classifier': 're'}}"
covtype.mat,0.5113526054539321,0.0928455758399686,243.8432629108429,30,0.4,"{'solver': 2, 'maxiter': 300, 'tol': 0.0001, 'init_type': 'k-means-cos', 'nrep_kmeans': 1, 'classifier': 're'}",KFSC_LARGE,"{'lamda': 0.4, 'opt': {'solver': 2, 'maxiter': 300, 'tol': 0.0001, 'init_type': 'k-means-cos', 'nrep_kmeans': 1, 'classifier': 're'}}"
covtype.mat,0.4665669555878364,0.03631060038679425,206.72030520439148,30,0.4,"{'solver': 2, 'maxiter': 300, 'tol': 0.0001, 'init_type': 'k-means-cos', 'nrep_kmeans': 1, 'classifier': 're'}",KFSC_LARGE,"{'lamda': 0.4, 'opt': {'solver': 2, 'maxiter': 300, 'tol': 0.0001, 'init_type': 'k-means-cos', 'nrep_kmeans': 1, 'classifier': 're'}}"
covtype.mat,0.43684984131136706,0.05757598715029083,143.85926246643066,30,0.4,"{'solver': 2, 'maxiter': 300, 'tol': 0.0001, 'init_type': 'k-means-cos', 'nrep_kmeans': 1, 'classifier': 're'}",KFSC_LARGE,"{'lamda': 0.4, 'opt': {'solver': 2, 'maxiter': 300, 'tol': 0.0001, 'init_type': 'k-means-cos', 'nrep_kmeans': 1, 'classifier': 're'}}"
covtype.mat,0.4958916511190819,0.17392117853470293,160.74287486076355,30,0.4,"{'solver': 2, 'maxiter': 300, 'tol': 0.0001, 'init_type': 'k-means-cos', 'nrep_kmeans': 1, 'classifier': 're'}",KFSC_LARGE,"{'lamda': 0.4, 'opt': {'solver': 2, 'maxiter': 300, 'tol': 0.0001, 'init_type': 'k-means-cos', 'nrep_kmeans': 1, 'classifier': 're'}}"
covtype.mat,0.465670244332303,0.10114451655240807,250.35158729553223,30,0.4,"{'solver': 2, 'maxiter': 300, 'tol': 0.0001, 'init_type': 'k-means-cos', 'nrep_kmeans': 1, 'classifier': 're'}",KFSC_LARGE,"{'lamda': 0.4, 'opt': {'solver': 2, 'maxiter': 300, 'tol': 0.0001, 'init_type': 'k-means-cos', 'nrep_kmeans': 1, 'classifier': 're'}}"
covtype.mat,0.4548752865689521,0.0835309574100809,144.76825666427612,30,0.4,"{'solver': 2, 'maxiter': 300, 'tol': 0.0001, 'init_type': 'k-means-cos', 'nrep_kmeans': 1, 'classifier': 're'}",KFSC_LARGE,"{'lamda': 0.4, 'opt': {'solver': 2, 'maxiter': 300, 'tol': 0.0001, 'init_type': 'k-means-cos', 'nrep_kmeans': 1, 'classifier': 're'}}"
covtype.mat,0.5118465711551569,0.15166229274343607,206.28522539138794,30,0.4,"{'solver': 2, 'maxiter': 300, 'tol': 0.0001, 'init_type': 'k-means-cos', 'nrep_kmeans': 1, 'classifier': 're'}",KFSC_LARGE,"{'lamda': 0.4, 'opt': {'solver': 2, 'maxiter': 300, 'tol': 0.0001, 'init_type': 'k-means-cos', 'nrep_kmeans': 1, 'classifier': 're'}}"
covtype.mat,0.42247492306527235,0.09862962699594595,912.1128134727478,30,0.4,"{'solver': 2, 'maxiter': 300, 'tol': 0.0001, 'init_type': 'k-means-cos', 'nrep_kmeans': 1, 'classifier': 're', 'np': 2}",KFSC_MB,"{'lamda': 0.4, 'opt': {'solver': 2, 'maxiter': 300, 'tol': 0.0001, 'init_type': 'k-means-cos', 'nrep_kmeans': 1, 'classifier': 're', 'np': 2}}"
covtype.mat,0.3674812224188141,0.054752767506977086,920.5765242576599,30,0.4,"{'solver': 2, 'maxiter': 300, 'tol': 0.0001, 'init_type': 'k-means-cos', 'nrep_kmeans': 1, 'classifier': 're', 'np': 2}",KFSC_MB,"{'lamda': 0.4, 'opt': {'solver': 2, 'maxiter': 300, 'tol': 0.0001, 'init_type': 'k-means-cos', 'nrep_kmeans': 1, 'classifier': 're', 'np': 2}}"
covtype.mat,0.4905475274176781,0.05351295956875345,909.535169839859,30,0.4,"{'solver': 2, 'maxiter': 300, 'tol': 0.0001, 'init_type': 'k-means-cos', 'nrep_kmeans': 1, 'classifier': 're', 'np': 2}",KFSC_MB,"{'lamda': 0.4, 'opt': {'solver': 2, 'maxiter': 300, 'tol': 0.0001, 'init_type': 'k-means-cos', 'nrep_kmeans': 1, 'classifier': 're', 'np': 2}}"
covtype.mat,0.46090270080480267,0.040365461617103846,923.6111545562744,30,0.4,"{'solver': 2, 'maxiter': 300, 'tol': 0.0001, 'init_type': 'k-means-cos', 'nrep_kmeans': 1, 'classifier': 're', 'np': 2}",KFSC_MB,"{'lamda': 0.4, 'opt': {'solver': 2, 'maxiter': 300, 'tol': 0.0001, 'init_type': 'k-means-cos', 'nrep_kmeans': 1, 'classifier': 're', 'np': 2}}"
covtype.mat,0.45037796121250506,0.08404649640797372,918.4439191818237,30,0.4,"{'solver': 2, 'maxiter': 300, 'tol': 0.0001, 'init_type': 'k-means-cos', 'nrep_kmeans': 1, 'classifier': 're', 'np': 2}",KFSC_MB,"{'lamda': 0.4, 'opt': {'solver': 2, 'maxiter': 300, 'tol': 0.0001, 'init_type': 'k-means-cos', 'nrep_kmeans': 1, 'classifier': 're', 'np': 2}}"
covtype.mat,0.4060811136430917,0.06800056716079453,933.4338772296906,30,0.4,"{'solver': 2, 'maxiter': 300, 'tol': 0.0001, 'init_type': 'k-means-cos', 'nrep_kmeans': 1, 'classifier': 're', 'np': 2}",KFSC_MB,"{'lamda': 0.4, 'opt': {'solver': 2, 'maxiter': 300, 'tol': 0.0001, 'init_type': 'k-means-cos', 'nrep_kmeans': 1, 'classifier': 're', 'np': 2}}"
covtype.mat,0.38044308895513346,0.019816030878695552,921.5014505386353,30,0.4,"{'solver': 2, 'maxiter': 300, 'tol': 0.0001, 'init_type': 'k-means-cos', 'nrep_kmeans': 1, 'classifier': 're', 'np': 2}",KFSC_MB,"{'lamda': 0.4, 'opt': {'solver': 2, 'maxiter': 300, 'tol': 0.0001, 'init_type': 'k-means-cos', 'nrep_kmeans': 1, 'classifier': 're', 'np': 2}}"
covtype.mat,0.4212064466826847,0.08516944931613149,921.8120820522308,30,0.4,"{'solver': 2, 'maxiter': 300, 'tol': 0.0001, 'init_type': 'k-means-cos', 'nrep_kmeans': 1, 'classifier': 're', 'np': 2}",KFSC_MB,"{'lamda': 0.4, 'opt': {'solver': 2, 'maxiter': 300, 'tol': 0.0001, 'init_type': 'k-means-cos', 'nrep_kmeans': 1, 'classifier': 're', 'np': 2}}"
covtype.mat,0.4447601770703531,0.11424629616286466,929.0143492221832,30,0.4,"{'solver': 2, 'maxiter': 300, 'tol': 0.0001, 'init_type': 'k-means-cos', 'nrep_kmeans': 1, 'classifier': 're', 'np': 2}",KFSC_MB,"{'lamda': 0.4, 'opt': {'solver': 2, 'maxiter': 300, 'tol': 0.0001, 'init_type': 'k-means-cos', 'nrep_kmeans': 1, 'classifier': 're', 'np': 2}}"
covtype.mat,0.4500543878611801,0.07789424613474281,920.4441089630127,30,0.4,"{'solver': 2, 'maxiter': 300, 'tol': 0.0001, 'init_type': 'k-means-cos', 'nrep_kmeans': 1, 'classifier': 're', 'np': 2}",KFSC_MB,"{'lamda': 0.4, 'opt': {'solver': 2, 'maxiter': 300, 'tol': 0.0001, 'init_type': 'k-means-cos', 'nrep_kmeans': 1, 'classifier': 're', 'np': 2}}"
covtype.mat,0.4119605102820596,0.03373097616837274,925.2907543182373,30,0.4,"{'solver': 2, 'maxiter': 300, 'tol': 0.0001, 'init_type': 'k-means-cos', 'nrep_kmeans': 1, 'classifier': 're', 'np': 2}",KFSC_MB,"{'lamda': 0.4, 'opt': {'solver': 2, 'maxiter': 300, 'tol': 0.0001, 'init_type': 'k-means-cos', 'nrep_kmeans': 1, 'classifier': 're', 'np': 2}}"
covtype.mat,0.4054632262328489,0.04600338403105385,926.7104988098145,30,0.4,"{'solver': 2, 'maxiter': 300, 'tol': 0.0001, 'init_type': 'k-means-cos', 'nrep_kmeans': 1, 'classifier': 're', 'np': 2}",KFSC_MB,"{'lamda': 0.4, 'opt': {'solver': 2, 'maxiter': 300, 'tol': 0.0001, 'init_type': 'k-means-cos', 'nrep_kmeans': 1, 'classifier': 're', 'np': 2}}"
covtype.mat,0.41493463129849295,0.03735149981403137,921.0355024337769,30,0.4,"{'solver': 2, 'maxiter': 300, 'tol': 0.0001, 'init_type': 'k-means-cos', 'nrep_kmeans': 1, 'classifier': 're', 'np': 2}",KFSC_MB,"{'lamda': 0.4, 'opt': {'solver': 2, 'maxiter': 300, 'tol': 0.0001, 'init_type': 'k-means-cos', 'nrep_kmeans': 1, 'classifier': 're', 'np': 2}}"
covtype.mat,0.34245247946686125,0.050182337998318345,924.5420548915863,30,0.4,"{'solver': 2, 'maxiter': 300, 'tol': 0.0001, 'init_type': 'k-means-cos', 'nrep_kmeans': 1, 'classifier': 're', 'np': 2}",KFSC_MB,"{'lamda': 0.4, 'opt': {'solver': 2, 'maxiter': 300, 'tol': 0.0001, 'init_type': 'k-means-cos', 'nrep_kmeans': 1, 'classifier': 're', 'np': 2}}"
covtype.mat,0.4659886542790855,0.011486835040157534,926.795126914978,30,0.4,"{'solver': 2, 'maxiter': 300, 'tol': 0.0001, 'init_type': 'k-means-cos', 'nrep_kmeans': 1, 'classifier': 're', 'np': 2}",KFSC_MB,"{'lamda': 0.4, 'opt': {'solver': 2, 'maxiter': 300, 'tol': 0.0001, 'init_type': 'k-means-cos', 'nrep_kmeans': 1, 'classifier': 're', 'np': 2}}"
covtype.mat,0.5018020281853043,0.03730381913734713,926.0384624004364,30,0.4,"{'solver': 2, 'maxiter': 300, 'tol': 0.0001, 'init_type': 'k-means-cos', 'nrep_kmeans': 1, 'classifier': 're', 'np': 2}",KFSC_MB,"{'lamda': 0.4, 'opt': {'solver': 2, 'maxiter': 300, 'tol': 0.0001, 'init_type': 'k-means-cos', 'nrep_kmeans': 1, 'classifier': 're', 'np': 2}}"
covtype.mat,0.4445760156416735,0.07598839308556846,935.1214456558228,30,0.4,"{'solver': 2, 'maxiter': 300, 'tol': 0.0001, 'init_type': 'k-means-cos', 'nrep_kmeans': 1, 'classifier': 're', 'np': 2}",KFSC_MB,"{'lamda': 0.4, 'opt': {'solver': 2, 'maxiter': 300, 'tol': 0.0001, 'init_type': 'k-means-cos', 'nrep_kmeans': 1, 'classifier': 're', 'np': 2}}"
covtype.mat,0.35344881000736644,0.03852293315751886,926.5452289581299,30,0.4,"{'solver': 2, 'maxiter': 300, 'tol': 0.0001, 'init_type': 'k-means-cos', 'nrep_kmeans': 1, 'classifier': 're', 'np': 2}",KFSC_MB,"{'lamda': 0.4, 'opt': {'solver': 2, 'maxiter': 300, 'tol': 0.0001, 'init_type': 'k-means-cos', 'nrep_kmeans': 1, 'classifier': 're', 'np': 2}}"
covtype.mat,0.4513848250982768,0.03924397207404165,923.0984148979187,30,0.4,"{'solver': 2, 'maxiter': 300, 'tol': 0.0001, 'init_type': 'k-means-cos', 'nrep_kmeans': 1, 'classifier': 're', 'np': 2}",KFSC_MB,"{'lamda': 0.4, 'opt': {'solver': 2, 'maxiter': 300, 'tol': 0.0001, 'init_type': 'k-means-cos', 'nrep_kmeans': 1, 'classifier': 're', 'np': 2}}"
covtype.mat,0.43733692247320194,0.07180714187501273,931.7323770523071,30,0.4,"{'solver': 2, 'maxiter': 300, 'tol': 0.0001, 'init_type': 'k-means-cos', 'nrep_kmeans': 1, 'classifier': 're', 'np': 2}",KFSC_MB,"{'lamda': 0.4, 'opt': {'solver': 2, 'maxiter': 300, 'tol': 0.0001, 'init_type': 'k-means-cos', 'nrep_kmeans': 1, 'classifier': 're', 'np': 2}}"
covtype.mat,0.400766249234095,0.03505025649521269,931.7781739234924,30,0.4,"{'solver': 2, 'maxiter': 300, 'tol': 0.0001, 'init_type': 'k-means-cos', 'nrep_kmeans': 1, 'classifier': 're', 'np': 2}",KFSC_MB,"{'lamda': 0.4, 'opt': {'solver': 2, 'maxiter': 300, 'tol': 0.0001, 'init_type': 'k-means-cos', 'nrep_kmeans': 1, 'classifier': 're', 'np': 2}}"
covtype.mat,0.48759922342395684,0.0,929.8954677581787,30,0.4,"{'solver': 2, 'maxiter': 300, 'tol': 0.0001, 'init_type': 'k-means-cos', 'nrep_kmeans': 1, 'classifier': 're', 'np': 2}",KFSC_MB,"{'lamda': 0.4, 'opt': {'solver': 2, 'maxiter': 300, 'tol': 0.0001, 'init_type': 'k-means-cos', 'nrep_kmeans': 1, 'classifier': 're', 'np': 2}}"
covtype.mat,0.42440603636413704,0.03565036289050136,934.7500817775726,30,0.4,"{'solver': 2, 'maxiter': 300, 'tol': 0.0001, 'init_type': 'k-means-cos', 'nrep_kmeans': 1, 'classifier': 're', 'np': 2}",KFSC_MB,"{'lamda': 0.4, 'opt': {'solver': 2, 'maxiter': 300, 'tol': 0.0001, 'init_type': 'k-means-cos', 'nrep_kmeans': 1, 'classifier': 're', 'np': 2}}"
