Postures_m.mat,0.4865740444330623,0.39242782090431205,9129.67576098442,30,0.2,"{'solver': 2, 'maxiter': 300, 'tol': 0.0001, 'init_type': 'k-means-cos', 'nrep_kmeans': 1, 'classifier': 're'}",KFSC,"{'lamda': 0.2, 'opt': {'solver': 2, 'maxiter': 300, 'tol': 0.0001, 'init_type': 'k-means-cos', 'nrep_kmeans': 1, 'classifier': 're'}}"
Postures_m.mat,0.453319674755106,0.3638387501814509,9163.539550542831,30,0.2,"{'solver': 2, 'maxiter': 300, 'tol': 0.0001, 'init_type': 'k-means-cos', 'nrep_kmeans': 1, 'classifier': 're'}",KFSC,"{'lamda': 0.2, 'opt': {'solver': 2, 'maxiter': 300, 'tol': 0.0001, 'init_type': 'k-means-cos', 'nrep_kmeans': 1, 'classifier': 're'}}"
Postures_m.mat,0.5138741276650234,0.3691550099875167,9134.533390045166,30,0.2,"{'solver': 2, 'maxiter': 300, 'tol': 0.0001, 'init_type': 'k-means-cos', 'nrep_kmeans': 1, 'classifier': 're'}",KFSC,"{'lamda': 0.2, 'opt': {'solver': 2, 'maxiter': 300, 'tol': 0.0001, 'init_type': 'k-means-cos', 'nrep_kmeans': 1, 'classifier': 're'}}"
Postures_m.mat,0.5559510852167232,0.40307008246406456,8039.566009283066,30,0.2,"{'solver': 2, 'maxiter': 300, 'tol': 0.0001, 'init_type': 'k-means-cos', 'nrep_kmeans': 1, 'classifier': 're'}",KFSC,"{'lamda': 0.2, 'opt': {'solver': 2, 'maxiter': 300, 'tol': 0.0001, 'init_type': 'k-means-cos', 'nrep_kmeans': 1, 'classifier': 're'}}"
Postures_m.mat,0.5066265445931237,0.4080260629136049,8081.56417632103,30,0.2,"{'solver': 2, 'maxiter': 300, 'tol': 0.0001, 'init_type': 'k-means-cos', 'nrep_kmeans': 1, 'classifier': 're'}",KFSC,"{'lamda': 0.2, 'opt': {'solver': 2, 'maxiter': 300, 'tol': 0.0001, 'init_type': 'k-means-cos', 'nrep_kmeans': 1, 'classifier': 're'}}"
Postures_m.mat,0.5463217875664255,0.4236605860334582,9150.563030958176,30,0.2,"{'solver': 2, 'maxiter': 300, 'tol': 0.0001, 'init_type': 'k-means-cos', 'nrep_kmeans': 1, 'classifier': 're'}",KFSC,"{'lamda': 0.2, 'opt': {'solver': 2, 'maxiter': 300, 'tol': 0.0001, 'init_type': 'k-means-cos', 'nrep_kmeans': 1, 'classifier': 're'}}"
Postures_m.mat,0.4700300915551572,0.4009556398205583,9127.13753604889,30,0.2,"{'solver': 2, 'maxiter': 300, 'tol': 0.0001, 'init_type': 'k-means-cos', 'nrep_kmeans': 1, 'classifier': 're'}",KFSC,"{'lamda': 0.2, 'opt': {'solver': 2, 'maxiter': 300, 'tol': 0.0001, 'init_type': 'k-means-cos', 'nrep_kmeans': 1, 'classifier': 're'}}"
Postures_m.mat,0.4690441129393687,0.3718439536095315,8048.5731608867645,30,0.2,"{'solver': 2, 'maxiter': 300, 'tol': 0.0001, 'init_type': 'k-means-cos', 'nrep_kmeans': 1, 'classifier': 're'}",KFSC,"{'lamda': 0.2, 'opt': {'solver': 2, 'maxiter': 300, 'tol': 0.0001, 'init_type': 'k-means-cos', 'nrep_kmeans': 1, 'classifier': 're'}}"
Postures_m.mat,0.46688008195146935,0.3861888596272593,9151.12639284134,30,0.2,"{'solver': 2, 'maxiter': 300, 'tol': 0.0001, 'init_type': 'k-means-cos', 'nrep_kmeans': 1, 'classifier': 're'}",KFSC,"{'lamda': 0.2, 'opt': {'solver': 2, 'maxiter': 300, 'tol': 0.0001, 'init_type': 'k-means-cos', 'nrep_kmeans': 1, 'classifier': 're'}}"
Postures_m.mat,0.5894999679877073,0.42237171428450093,7995.859517812729,30,0.2,"{'solver': 2, 'maxiter': 300, 'tol': 0.0001, 'init_type': 'k-means-cos', 'nrep_kmeans': 1, 'classifier': 're'}",KFSC,"{'lamda': 0.2, 'opt': {'solver': 2, 'maxiter': 300, 'tol': 0.0001, 'init_type': 'k-means-cos', 'nrep_kmeans': 1, 'classifier': 're'}}"
Postures_m.mat,0.4842307446059287,0.3725283381171329,9082.345315694809,30,0.2,"{'solver': 2, 'maxiter': 300, 'tol': 0.0001, 'init_type': 'k-means-cos', 'nrep_kmeans': 1, 'classifier': 're'}",KFSC,"{'lamda': 0.2, 'opt': {'solver': 2, 'maxiter': 300, 'tol': 0.0001, 'init_type': 'k-means-cos', 'nrep_kmeans': 1, 'classifier': 're'}}"
Postures_m.mat,0.5004545745566298,0.35857861928059537,7974.271117687225,30,0.2,"{'solver': 2, 'maxiter': 300, 'tol': 0.0001, 'init_type': 'k-means-cos', 'nrep_kmeans': 1, 'classifier': 're'}",KFSC,"{'lamda': 0.2, 'opt': {'solver': 2, 'maxiter': 300, 'tol': 0.0001, 'init_type': 'k-means-cos', 'nrep_kmeans': 1, 'classifier': 're'}}"
Postures_m.mat,0.49620334208336003,0.4011302476498239,9159.410450696945,30,0.2,"{'solver': 2, 'maxiter': 300, 'tol': 0.0001, 'init_type': 'k-means-cos', 'nrep_kmeans': 1, 'classifier': 're'}",KFSC,"{'lamda': 0.2, 'opt': {'solver': 2, 'maxiter': 300, 'tol': 0.0001, 'init_type': 'k-means-cos', 'nrep_kmeans': 1, 'classifier': 're'}}"
Postures_m.mat,0.5639413534797362,0.4112177150635709,8065.2925860881805,30,0.2,"{'solver': 2, 'maxiter': 300, 'tol': 0.0001, 'init_type': 'k-means-cos', 'nrep_kmeans': 1, 'classifier': 're'}",KFSC,"{'lamda': 0.2, 'opt': {'solver': 2, 'maxiter': 300, 'tol': 0.0001, 'init_type': 'k-means-cos', 'nrep_kmeans': 1, 'classifier': 're'}}"
Postures_m.mat,0.53813944554709,0.4128205489872728,8215.241904258728,30,0.2,"{'solver': 2, 'maxiter': 300, 'tol': 0.0001, 'init_type': 'k-means-cos', 'nrep_kmeans': 1, 'classifier': 're'}",KFSC,"{'lamda': 0.2, 'opt': {'solver': 2, 'maxiter': 300, 'tol': 0.0001, 'init_type': 'k-means-cos', 'nrep_kmeans': 1, 'classifier': 're'}}"
Postures_m.mat,0.576182854216019,0.4146793381677736,9150.46952533722,30,0.2,"{'solver': 2, 'maxiter': 300, 'tol': 0.0001, 'init_type': 'k-means-cos', 'nrep_kmeans': 1, 'classifier': 're'}",KFSC,"{'lamda': 0.2, 'opt': {'solver': 2, 'maxiter': 300, 'tol': 0.0001, 'init_type': 'k-means-cos', 'nrep_kmeans': 1, 'classifier': 're'}}"
Postures_m.mat,0.4792240220244574,0.38376763871209557,9135.698410511017,30,0.2,"{'solver': 2, 'maxiter': 300, 'tol': 0.0001, 'init_type': 'k-means-cos', 'nrep_kmeans': 1, 'classifier': 're'}",KFSC,"{'lamda': 0.2, 'opt': {'solver': 2, 'maxiter': 300, 'tol': 0.0001, 'init_type': 'k-means-cos', 'nrep_kmeans': 1, 'classifier': 're'}}"
Postures_m.mat,0.4934886996606697,0.40691144591461875,7997.0703997612,30,0.2,"{'solver': 2, 'maxiter': 300, 'tol': 0.0001, 'init_type': 'k-means-cos', 'nrep_kmeans': 1, 'classifier': 're'}",KFSC,"{'lamda': 0.2, 'opt': {'solver': 2, 'maxiter': 300, 'tol': 0.0001, 'init_type': 'k-means-cos', 'nrep_kmeans': 1, 'classifier': 're'}}"
Postures_m.mat,0.515666816057366,0.3991778814594021,9156.162953853607,30,0.2,"{'solver': 2, 'maxiter': 300, 'tol': 0.0001, 'init_type': 'k-means-cos', 'nrep_kmeans': 1, 'classifier': 're'}",KFSC,"{'lamda': 0.2, 'opt': {'solver': 2, 'maxiter': 300, 'tol': 0.0001, 'init_type': 'k-means-cos', 'nrep_kmeans': 1, 'classifier': 're'}}"
Postures_m.mat,0.5511108265573981,0.41533800443068425,8117.842489957809,30,0.2,"{'solver': 2, 'maxiter': 300, 'tol': 0.0001, 'init_type': 'k-means-cos', 'nrep_kmeans': 1, 'classifier': 're'}",KFSC,"{'lamda': 0.2, 'opt': {'solver': 2, 'maxiter': 300, 'tol': 0.0001, 'init_type': 'k-means-cos', 'nrep_kmeans': 1, 'classifier': 're'}}"
Postures_m.mat,0.4710672898392983,0.38637447609184605,8093.905921459198,30,0.2,"{'solver': 2, 'maxiter': 300, 'tol': 0.0001, 'init_type': 'k-means-cos', 'nrep_kmeans': 1, 'classifier': 're'}",KFSC,"{'lamda': 0.2, 'opt': {'solver': 2, 'maxiter': 300, 'tol': 0.0001, 'init_type': 'k-means-cos', 'nrep_kmeans': 1, 'classifier': 're'}}"
Postures_m.mat,0.5142326653434919,0.3725534747508042,7995.740428686142,30,0.2,"{'solver': 2, 'maxiter': 300, 'tol': 0.0001, 'init_type': 'k-means-cos', 'nrep_kmeans': 1, 'classifier': 're'}",KFSC,"{'lamda': 0.2, 'opt': {'solver': 2, 'maxiter': 300, 'tol': 0.0001, 'init_type': 'k-means-cos', 'nrep_kmeans': 1, 'classifier': 're'}}"
Postures_m.mat,0.5846340994942058,0.41084878908303735,8029.840024471283,30,0.2,"{'solver': 2, 'maxiter': 300, 'tol': 0.0001, 'init_type': 'k-means-cos', 'nrep_kmeans': 1, 'classifier': 're'}",KFSC,"{'lamda': 0.2, 'opt': {'solver': 2, 'maxiter': 300, 'tol': 0.0001, 'init_type': 'k-means-cos', 'nrep_kmeans': 1, 'classifier': 're'}}"
Postures_m.mat,0.4894167360266342,0.3955559625650775,170.86431765556335,30,0.2,"{'solver': 2, 'maxiter': 300, 'tol': 0.0001, 'init_type': 'k-means-cos', 'nrep_kmeans': 1, 'classifier': 're'}",KFSC_LARGE,"{'lamda': 0.2, 'opt': {'solver': 2, 'maxiter': 300, 'tol': 0.0001, 'init_type': 'k-means-cos', 'nrep_kmeans': 1, 'classifier': 're'}}"
Postures_m.mat,0.46437031820218966,0.3684961707475827,168.84620761871338,30,0.2,"{'solver': 2, 'maxiter': 300, 'tol': 0.0001, 'init_type': 'k-means-cos', 'nrep_kmeans': 1, 'classifier': 're'}",KFSC_LARGE,"{'lamda': 0.2, 'opt': {'solver': 2, 'maxiter': 300, 'tol': 0.0001, 'init_type': 'k-means-cos', 'nrep_kmeans': 1, 'classifier': 're'}}"
Postures_m.mat,0.49345028490940523,0.39124119686752984,173.8173005580902,30,0.2,"{'solver': 2, 'maxiter': 300, 'tol': 0.0001, 'init_type': 'k-means-cos', 'nrep_kmeans': 1, 'classifier': 're'}",KFSC_LARGE,"{'lamda': 0.2, 'opt': {'solver': 2, 'maxiter': 300, 'tol': 0.0001, 'init_type': 'k-means-cos', 'nrep_kmeans': 1, 'classifier': 're'}}"
Postures_m.mat,0.49138869325821116,0.4121761951677107,161.82114171981812,30,0.2,"{'solver': 2, 'maxiter': 300, 'tol': 0.0001, 'init_type': 'k-means-cos', 'nrep_kmeans': 1, 'classifier': 're'}",KFSC_LARGE,"{'lamda': 0.2, 'opt': {'solver': 2, 'maxiter': 300, 'tol': 0.0001, 'init_type': 'k-means-cos', 'nrep_kmeans': 1, 'classifier': 're'}}"
Postures_m.mat,0.5931749791920097,0.43165260601492716,165.30281710624695,30,0.2,"{'solver': 2, 'maxiter': 300, 'tol': 0.0001, 'init_type': 'k-means-cos', 'nrep_kmeans': 1, 'classifier': 're'}",KFSC_LARGE,"{'lamda': 0.2, 'opt': {'solver': 2, 'maxiter': 300, 'tol': 0.0001, 'init_type': 'k-means-cos', 'nrep_kmeans': 1, 'classifier': 're'}}"
Postures_m.mat,0.5012356744990076,0.40654731078070416,166.0306122303009,30,0.2,"{'solver': 2, 'maxiter': 300, 'tol': 0.0001, 'init_type': 'k-means-cos', 'nrep_kmeans': 1, 'classifier': 're'}",KFSC_LARGE,"{'lamda': 0.2, 'opt': {'solver': 2, 'maxiter': 300, 'tol': 0.0001, 'init_type': 'k-means-cos', 'nrep_kmeans': 1, 'classifier': 're'}}"
Postures_m.mat,0.5054997118893655,0.3995095339700794,168.06365585327148,30,0.2,"{'solver': 2, 'maxiter': 300, 'tol': 0.0001, 'init_type': 'k-means-cos', 'nrep_kmeans': 1, 'classifier': 're'}",KFSC_LARGE,"{'lamda': 0.2, 'opt': {'solver': 2, 'maxiter': 300, 'tol': 0.0001, 'init_type': 'k-means-cos', 'nrep_kmeans': 1, 'classifier': 're'}}"
Postures_m.mat,0.4944490684422818,0.39078163813429,163.6341679096222,30,0.2,"{'solver': 2, 'maxiter': 300, 'tol': 0.0001, 'init_type': 'k-means-cos', 'nrep_kmeans': 1, 'classifier': 're'}",KFSC_LARGE,"{'lamda': 0.2, 'opt': {'solver': 2, 'maxiter': 300, 'tol': 0.0001, 'init_type': 'k-means-cos', 'nrep_kmeans': 1, 'classifier': 're'}}"
Postures_m.mat,0.5803572571867597,0.4089031709782599,168.97962093353271,30,0.2,"{'solver': 2, 'maxiter': 300, 'tol': 0.0001, 'init_type': 'k-means-cos', 'nrep_kmeans': 1, 'classifier': 're'}",KFSC_LARGE,"{'lamda': 0.2, 'opt': {'solver': 2, 'maxiter': 300, 'tol': 0.0001, 'init_type': 'k-means-cos', 'nrep_kmeans': 1, 'classifier': 're'}}"
Postures_m.mat,0.5066905691785646,0.3612384143323185,166.55828666687012,30,0.2,"{'solver': 2, 'maxiter': 300, 'tol': 0.0001, 'init_type': 'k-means-cos', 'nrep_kmeans': 1, 'classifier': 're'}",KFSC_LARGE,"{'lamda': 0.2, 'opt': {'solver': 2, 'maxiter': 300, 'tol': 0.0001, 'init_type': 'k-means-cos', 'nrep_kmeans': 1, 'classifier': 're'}}"
Postures_m.mat,0.45886420385428006,0.3947184529135118,170.54472494125366,30,0.2,"{'solver': 2, 'maxiter': 300, 'tol': 0.0001, 'init_type': 'k-means-cos', 'nrep_kmeans': 1, 'classifier': 're'}",KFSC_LARGE,"{'lamda': 0.2, 'opt': {'solver': 2, 'maxiter': 300, 'tol': 0.0001, 'init_type': 'k-means-cos', 'nrep_kmeans': 1, 'classifier': 're'}}"
Postures_m.mat,0.5020423842755618,0.39413316298602524,163.55751180648804,30,0.2,"{'solver': 2, 'maxiter': 300, 'tol': 0.0001, 'init_type': 'k-means-cos', 'nrep_kmeans': 1, 'classifier': 're'}",KFSC_LARGE,"{'lamda': 0.2, 'opt': {'solver': 2, 'maxiter': 300, 'tol': 0.0001, 'init_type': 'k-means-cos', 'nrep_kmeans': 1, 'classifier': 're'}}"
Postures_m.mat,0.5799218900057622,0.42600051805349926,165.16940426826477,30,0.2,"{'solver': 2, 'maxiter': 300, 'tol': 0.0001, 'init_type': 'k-means-cos', 'nrep_kmeans': 1, 'classifier': 're'}",KFSC_LARGE,"{'lamda': 0.2, 'opt': {'solver': 2, 'maxiter': 300, 'tol': 0.0001, 'init_type': 'k-means-cos', 'nrep_kmeans': 1, 'classifier': 're'}}"
Postures_m.mat,0.5628145207759779,0.41992457644320424,169.57599353790283,30,0.2,"{'solver': 2, 'maxiter': 300, 'tol': 0.0001, 'init_type': 'k-means-cos', 'nrep_kmeans': 1, 'classifier': 're'}",KFSC_LARGE,"{'lamda': 0.2, 'opt': {'solver': 2, 'maxiter': 300, 'tol': 0.0001, 'init_type': 'k-means-cos', 'nrep_kmeans': 1, 'classifier': 're'}}"
Postures_m.mat,0.48085024649465397,0.3873231774778424,163.35739159584045,30,0.2,"{'solver': 2, 'maxiter': 300, 'tol': 0.0001, 'init_type': 'k-means-cos', 'nrep_kmeans': 1, 'classifier': 're'}",KFSC_LARGE,"{'lamda': 0.2, 'opt': {'solver': 2, 'maxiter': 300, 'tol': 0.0001, 'init_type': 'k-means-cos', 'nrep_kmeans': 1, 'classifier': 're'}}"
Postures_m.mat,0.5466291055765414,0.3862575715021452,161.11625862121582,30,0.2,"{'solver': 2, 'maxiter': 300, 'tol': 0.0001, 'init_type': 'k-means-cos', 'nrep_kmeans': 1, 'classifier': 're'}",KFSC_LARGE,"{'lamda': 0.2, 'opt': {'solver': 2, 'maxiter': 300, 'tol': 0.0001, 'init_type': 'k-means-cos', 'nrep_kmeans': 1, 'classifier': 're'}}"
Postures_m.mat,0.5457583712145464,0.3974089100810609,166.33327746391296,30,0.2,"{'solver': 2, 'maxiter': 300, 'tol': 0.0001, 'init_type': 'k-means-cos', 'nrep_kmeans': 1, 'classifier': 're'}",KFSC_LARGE,"{'lamda': 0.2, 'opt': {'solver': 2, 'maxiter': 300, 'tol': 0.0001, 'init_type': 'k-means-cos', 'nrep_kmeans': 1, 'classifier': 're'}}"
Postures_m.mat,0.5163966963313913,0.39712477105072924,169.1458876132965,30,0.2,"{'solver': 2, 'maxiter': 300, 'tol': 0.0001, 'init_type': 'k-means-cos', 'nrep_kmeans': 1, 'classifier': 're'}",KFSC_LARGE,"{'lamda': 0.2, 'opt': {'solver': 2, 'maxiter': 300, 'tol': 0.0001, 'init_type': 'k-means-cos', 'nrep_kmeans': 1, 'classifier': 're'}}"
Postures_m.mat,0.5131698572251745,0.4072038777591266,164.81795144081116,30,0.2,"{'solver': 2, 'maxiter': 300, 'tol': 0.0001, 'init_type': 'k-means-cos', 'nrep_kmeans': 1, 'classifier': 're'}",KFSC_LARGE,"{'lamda': 0.2, 'opt': {'solver': 2, 'maxiter': 300, 'tol': 0.0001, 'init_type': 'k-means-cos', 'nrep_kmeans': 1, 'classifier': 're'}}"
Postures_m.mat,0.475869133747359,0.3670494592793664,169.91250872612,30,0.2,"{'solver': 2, 'maxiter': 300, 'tol': 0.0001, 'init_type': 'k-means-cos', 'nrep_kmeans': 1, 'classifier': 're'}",KFSC_LARGE,"{'lamda': 0.2, 'opt': {'solver': 2, 'maxiter': 300, 'tol': 0.0001, 'init_type': 'k-means-cos', 'nrep_kmeans': 1, 'classifier': 're'}}"
Postures_m.mat,0.4433830590946924,0.38829514251901315,164.61085891723633,30,0.2,"{'solver': 2, 'maxiter': 300, 'tol': 0.0001, 'init_type': 'k-means-cos', 'nrep_kmeans': 1, 'classifier': 're'}",KFSC_LARGE,"{'lamda': 0.2, 'opt': {'solver': 2, 'maxiter': 300, 'tol': 0.0001, 'init_type': 'k-means-cos', 'nrep_kmeans': 1, 'classifier': 're'}}"
Postures_m.mat,0.5183302388117037,0.3955095491711389,163.6421365737915,30,0.2,"{'solver': 2, 'maxiter': 300, 'tol': 0.0001, 'init_type': 'k-means-cos', 'nrep_kmeans': 1, 'classifier': 're'}",KFSC_LARGE,"{'lamda': 0.2, 'opt': {'solver': 2, 'maxiter': 300, 'tol': 0.0001, 'init_type': 'k-means-cos', 'nrep_kmeans': 1, 'classifier': 're'}}"
Postures_m.mat,0.44298610666495936,0.382404091275448,166.1311616897583,30,0.2,"{'solver': 2, 'maxiter': 300, 'tol': 0.0001, 'init_type': 'k-means-cos', 'nrep_kmeans': 1, 'classifier': 're'}",KFSC_LARGE,"{'lamda': 0.2, 'opt': {'solver': 2, 'maxiter': 300, 'tol': 0.0001, 'init_type': 'k-means-cos', 'nrep_kmeans': 1, 'classifier': 're'}}"
Postures_m.mat,0.4379409693322236,0.3121651733295006,516.0762453079224,30,0.2,"{'solver': 2, 'maxiter': 300, 'tol': 0.0001, 'init_type': 'k-means-cos', 'nrep_kmeans': 1, 'classifier': 're', 'np': 10}",KFSC_MB,"{'lamda': 0.2, 'opt': {'solver': 2, 'maxiter': 300, 'tol': 0.0001, 'init_type': 'k-means-cos', 'nrep_kmeans': 1, 'classifier': 're', 'np': 10}}"
Postures_m.mat,0.46098982009091494,0.37857139900714454,516.0507390499115,30,0.2,"{'solver': 2, 'maxiter': 300, 'tol': 0.0001, 'init_type': 'k-means-cos', 'nrep_kmeans': 1, 'classifier': 're', 'np': 10}",KFSC_MB,"{'lamda': 0.2, 'opt': {'solver': 2, 'maxiter': 300, 'tol': 0.0001, 'init_type': 'k-means-cos', 'nrep_kmeans': 1, 'classifier': 're', 'np': 10}}"
Postures_m.mat,0.5026442153787054,0.39713383979834826,517.4305934906006,30,0.2,"{'solver': 2, 'maxiter': 300, 'tol': 0.0001, 'init_type': 'k-means-cos', 'nrep_kmeans': 1, 'classifier': 're', 'np': 10}",KFSC_MB,"{'lamda': 0.2, 'opt': {'solver': 2, 'maxiter': 300, 'tol': 0.0001, 'init_type': 'k-means-cos', 'nrep_kmeans': 1, 'classifier': 're', 'np': 10}}"
Postures_m.mat,0.45653370894423456,0.32709041962988356,505.55637550354004,30,0.2,"{'solver': 2, 'maxiter': 300, 'tol': 0.0001, 'init_type': 'k-means-cos', 'nrep_kmeans': 1, 'classifier': 're', 'np': 10}",KFSC_MB,"{'lamda': 0.2, 'opt': {'solver': 2, 'maxiter': 300, 'tol': 0.0001, 'init_type': 'k-means-cos', 'nrep_kmeans': 1, 'classifier': 're', 'np': 10}}"
Postures_m.mat,0.5536846148921186,0.41019929878098377,517.9519984722137,30,0.2,"{'solver': 2, 'maxiter': 300, 'tol': 0.0001, 'init_type': 'k-means-cos', 'nrep_kmeans': 1, 'classifier': 're', 'np': 10}",KFSC_MB,"{'lamda': 0.2, 'opt': {'solver': 2, 'maxiter': 300, 'tol': 0.0001, 'init_type': 'k-means-cos', 'nrep_kmeans': 1, 'classifier': 're', 'np': 10}}"
Postures_m.mat,0.49246430629361676,0.39802293447032117,502.85114336013794,30,0.2,"{'solver': 2, 'maxiter': 300, 'tol': 0.0001, 'init_type': 'k-means-cos', 'nrep_kmeans': 1, 'classifier': 're', 'np': 10}",KFSC_MB,"{'lamda': 0.2, 'opt': {'solver': 2, 'maxiter': 300, 'tol': 0.0001, 'init_type': 'k-means-cos', 'nrep_kmeans': 1, 'classifier': 're', 'np': 10}}"
Postures_m.mat,0.5256034317177797,0.3973547002651656,519.6634192466736,30,0.2,"{'solver': 2, 'maxiter': 300, 'tol': 0.0001, 'init_type': 'k-means-cos', 'nrep_kmeans': 1, 'classifier': 're', 'np': 10}",KFSC_MB,"{'lamda': 0.2, 'opt': {'solver': 2, 'maxiter': 300, 'tol': 0.0001, 'init_type': 'k-means-cos', 'nrep_kmeans': 1, 'classifier': 're', 'np': 10}}"
Postures_m.mat,0.5040911710096677,0.4215843684537221,502.34518361091614,30,0.2,"{'solver': 2, 'maxiter': 300, 'tol': 0.0001, 'init_type': 'k-means-cos', 'nrep_kmeans': 1, 'classifier': 're', 'np': 10}",KFSC_MB,"{'lamda': 0.2, 'opt': {'solver': 2, 'maxiter': 300, 'tol': 0.0001, 'init_type': 'k-means-cos', 'nrep_kmeans': 1, 'classifier': 're', 'np': 10}}"
Postures_m.mat,0.5177796273769127,0.3605109285296063,519.0929002761841,30,0.2,"{'solver': 2, 'maxiter': 300, 'tol': 0.0001, 'init_type': 'k-means-cos', 'nrep_kmeans': 1, 'classifier': 're', 'np': 10}",KFSC_MB,"{'lamda': 0.2, 'opt': {'solver': 2, 'maxiter': 300, 'tol': 0.0001, 'init_type': 'k-means-cos', 'nrep_kmeans': 1, 'classifier': 're', 'np': 10}}"
Postures_m.mat,0.37636212305525324,0.23069717453269326,521.8827028274536,30,0.2,"{'solver': 2, 'maxiter': 300, 'tol': 0.0001, 'init_type': 'k-means-cos', 'nrep_kmeans': 1, 'classifier': 're', 'np': 10}",KFSC_MB,"{'lamda': 0.2, 'opt': {'solver': 2, 'maxiter': 300, 'tol': 0.0001, 'init_type': 'k-means-cos', 'nrep_kmeans': 1, 'classifier': 're', 'np': 10}}"
Postures_m.mat,0.43650681861834945,0.3292387854187298,503.7321403026581,30,0.2,"{'solver': 2, 'maxiter': 300, 'tol': 0.0001, 'init_type': 'k-means-cos', 'nrep_kmeans': 1, 'classifier': 're', 'np': 10}",KFSC_MB,"{'lamda': 0.2, 'opt': {'solver': 2, 'maxiter': 300, 'tol': 0.0001, 'init_type': 'k-means-cos', 'nrep_kmeans': 1, 'classifier': 're', 'np': 10}}"
Postures_m.mat,0.4216531147960817,0.24698118591483573,519.8011512756348,30,0.2,"{'solver': 2, 'maxiter': 300, 'tol': 0.0001, 'init_type': 'k-means-cos', 'nrep_kmeans': 1, 'classifier': 're', 'np': 10}",KFSC_MB,"{'lamda': 0.2, 'opt': {'solver': 2, 'maxiter': 300, 'tol': 0.0001, 'init_type': 'k-means-cos', 'nrep_kmeans': 1, 'classifier': 're', 'np': 10}}"
Postures_m.mat,0.31683206351238874,0.11533184772928885,504.48705530166626,30,0.2,"{'solver': 2, 'maxiter': 300, 'tol': 0.0001, 'init_type': 'k-means-cos', 'nrep_kmeans': 1, 'classifier': 're', 'np': 10}",KFSC_MB,"{'lamda': 0.2, 'opt': {'solver': 2, 'maxiter': 300, 'tol': 0.0001, 'init_type': 'k-means-cos', 'nrep_kmeans': 1, 'classifier': 're', 'np': 10}}"
Postures_m.mat,0.4831167168192586,0.37099375511169425,506.6606352329254,30,0.2,"{'solver': 2, 'maxiter': 300, 'tol': 0.0001, 'init_type': 'k-means-cos', 'nrep_kmeans': 1, 'classifier': 're', 'np': 10}",KFSC_MB,"{'lamda': 0.2, 'opt': {'solver': 2, 'maxiter': 300, 'tol': 0.0001, 'init_type': 'k-means-cos', 'nrep_kmeans': 1, 'classifier': 're', 'np': 10}}"
Postures_m.mat,0.42586593251808696,0.2825245915686615,521.1992070674896,30,0.2,"{'solver': 2, 'maxiter': 300, 'tol': 0.0001, 'init_type': 'k-means-cos', 'nrep_kmeans': 1, 'classifier': 're', 'np': 10}",KFSC_MB,"{'lamda': 0.2, 'opt': {'solver': 2, 'maxiter': 300, 'tol': 0.0001, 'init_type': 'k-means-cos', 'nrep_kmeans': 1, 'classifier': 're', 'np': 10}}"
Postures_m.mat,0.5122735130290031,0.39116227004160925,503.50093388557434,30,0.2,"{'solver': 2, 'maxiter': 300, 'tol': 0.0001, 'init_type': 'k-means-cos', 'nrep_kmeans': 1, 'classifier': 're', 'np': 10}",KFSC_MB,"{'lamda': 0.2, 'opt': {'solver': 2, 'maxiter': 300, 'tol': 0.0001, 'init_type': 'k-means-cos', 'nrep_kmeans': 1, 'classifier': 're', 'np': 10}}"
Postures_m.mat,0.5211217107369229,0.418973098848245,520.8251869678497,30,0.2,"{'solver': 2, 'maxiter': 300, 'tol': 0.0001, 'init_type': 'k-means-cos', 'nrep_kmeans': 1, 'classifier': 're', 'np': 10}",KFSC_MB,"{'lamda': 0.2, 'opt': {'solver': 2, 'maxiter': 300, 'tol': 0.0001, 'init_type': 'k-means-cos', 'nrep_kmeans': 1, 'classifier': 're', 'np': 10}}"
Postures_m.mat,0.5502144823612267,0.3948050522243447,504.64024591445923,30,0.2,"{'solver': 2, 'maxiter': 300, 'tol': 0.0001, 'init_type': 'k-means-cos', 'nrep_kmeans': 1, 'classifier': 're', 'np': 10}",KFSC_MB,"{'lamda': 0.2, 'opt': {'solver': 2, 'maxiter': 300, 'tol': 0.0001, 'init_type': 'k-means-cos', 'nrep_kmeans': 1, 'classifier': 're', 'np': 10}}"
Postures_m.mat,0.45292272232537295,0.30111200856853404,520.611982345581,30,0.2,"{'solver': 2, 'maxiter': 300, 'tol': 0.0001, 'init_type': 'k-means-cos', 'nrep_kmeans': 1, 'classifier': 're', 'np': 10}",KFSC_MB,"{'lamda': 0.2, 'opt': {'solver': 2, 'maxiter': 300, 'tol': 0.0001, 'init_type': 'k-means-cos', 'nrep_kmeans': 1, 'classifier': 're', 'np': 10}}"
Postures_m.mat,0.5024393367052948,0.3709475577483614,505.6821520328522,30,0.2,"{'solver': 2, 'maxiter': 300, 'tol': 0.0001, 'init_type': 'k-means-cos', 'nrep_kmeans': 1, 'classifier': 're', 'np': 10}",KFSC_MB,"{'lamda': 0.2, 'opt': {'solver': 2, 'maxiter': 300, 'tol': 0.0001, 'init_type': 'k-means-cos', 'nrep_kmeans': 1, 'classifier': 're', 'np': 10}}"
Postures_m.mat,0.48964722453422116,0.35639850615953966,505.77993726730347,30,0.2,"{'solver': 2, 'maxiter': 300, 'tol': 0.0001, 'init_type': 'k-means-cos', 'nrep_kmeans': 1, 'classifier': 're', 'np': 10}",KFSC_MB,"{'lamda': 0.2, 'opt': {'solver': 2, 'maxiter': 300, 'tol': 0.0001, 'init_type': 'k-means-cos', 'nrep_kmeans': 1, 'classifier': 're', 'np': 10}}"
Postures_m.mat,0.49762468788014597,0.381319417576265,508.69104170799255,30,0.2,"{'solver': 2, 'maxiter': 300, 'tol': 0.0001, 'init_type': 'k-means-cos', 'nrep_kmeans': 1, 'classifier': 're', 'np': 10}",KFSC_MB,"{'lamda': 0.2, 'opt': {'solver': 2, 'maxiter': 300, 'tol': 0.0001, 'init_type': 'k-means-cos', 'nrep_kmeans': 1, 'classifier': 're', 'np': 10}}"
Postures_m.mat,0.4928484538062616,0.34974689332638564,507.3180751800537,30,0.2,"{'solver': 2, 'maxiter': 300, 'tol': 0.0001, 'init_type': 'k-means-cos', 'nrep_kmeans': 1, 'classifier': 're', 'np': 10}",KFSC_MB,"{'lamda': 0.2, 'opt': {'solver': 2, 'maxiter': 300, 'tol': 0.0001, 'init_type': 'k-means-cos', 'nrep_kmeans': 1, 'classifier': 're', 'np': 10}}"
